loss,accuracy
0.24167417294595803,0.9510168650793651
